{
  "owner": "bradley",
  "items": [
    {
      "owner": "bradley",
      "itemId": 13738,
      "amount": 1,
      "timeOption": "HOUR_24",
      "buyPrice": 1000000000,
      "auctionPrice": 0,
      "timeSelling": {
        "time": 1622366187692
      },
      "allBids": {},
      "totalBids": 0,
      "state": "CLAIMED",
      "sentEndingSoonMessage": false
    },
    {
      "owner": "bradley",
      "itemId": 13744,
      "amount": 1,
      "timeOption": "HOUR_24",
      "buyPrice": 1000000000,
      "auctionPrice": 0,
      "timeSelling": {
        "time": 1622366193692
      },
      "allBids": {},
      "totalBids": 0,
      "state": "CLAIMED",
      "sentEndingSoonMessage": false
    },
    {
      "owner": "bradley",
      "itemId": 13051,
      "amount": 1,
      "timeOption": "HOUR_24",
      "buyPrice": 1000000000,
      "auctionPrice": 0,
      "timeSelling": {
        "time": 1622366214083
      },
      "allBids": {},
      "totalBids": 0,
      "state": "CLAIMED",
      "sentEndingSoonMessage": false
    }
  ]
}