{
  "owner": "craftin gold",
  "items": [
    {
      "owner": "craftin gold",
      "itemId": 14484,
      "amount": 0,
      "timeOption": "HOUR_1",
      "buyPrice": 10000000,
      "auctionPrice": 0,
      "timeSelling": {
        "time": -1
      },
      "allBids": {},
      "totalBids": 1,
      "state": "PURCHASED",
      "sentEndingSoonMessage": false
    },
    {
      "owner": "craftin gold",
      "itemId": 4151,
      "amount": 2,
      "timeOption": "HOUR_24",
      "buyPrice": 2500000,
      "auctionPrice": 0,
      "timeSelling": {
        "time": 1621515761963
      },
      "allBids": {},
      "totalBids": 3,
      "state": "PURCHASED",
      "sentEndingSoonMessage": false
    }
  ]
}