{
  "owner": "error",
  "items": [
    {
      "owner": "error",
      "itemId": 11694,
      "amount": 0,
      "timeOption": "HOUR_1",
      "buyPrice": 40000000,
      "auctionPrice": 600000,
      "timeSelling": {
        "time": -1
      },
      "allBids": {},
      "totalBids": 1,
      "state": "PURCHASED",
      "sentEndingSoonMessage": false
    },
    {
      "owner": "error",
      "itemId": 14484,
      "amount": 0,
      "timeOption": "HOUR_24",
      "buyPrice": 45000000,
      "auctionPrice": 0,
      "timeSelling": {
        "time": -1
      },
      "allBids": {},
      "totalBids": 1,
      "state": "PURCHASED",
      "sentEndingSoonMessage": false
    },
    {
      "owner": "error",
      "itemId": 12284,
      "amount": 1,
      "timeOption": "HOUR_1",
      "buyPrice": 15000000,
      "auctionPrice": 0,
      "timeSelling": {
        "time": 1621551418192
      },
      "allBids": {},
      "totalBids": 0,
      "state": "CLAIMED",
      "sentEndingSoonMessage": false
    }
  ]
}