{
  "owner": "optic killz",
  "items": [
    {
      "owner": "optic killz",
      "itemId": 2577,
      "amount": 1,
      "timeOption": "HOUR_24",
      "buyPrice": 15000000,
      "auctionPrice": 0,
      "timeSelling": {
        "time": 1622988937981
      },
      "allBids": {},
      "totalBids": 0,
      "state": "CLAIMED",
      "sentEndingSoonMessage": false
    },
    {
      "owner": "optic killz",
      "itemId": 4087,
      "amount": 1,
      "timeOption": "HOUR_24",
      "buyPrice": 15000000,
      "auctionPrice": 0,
      "timeSelling": {
        "time": 1622989258984
      },
      "allBids": {},
      "totalBids": 0,
      "state": "CLAIMED",
      "sentEndingSoonMessage": false
    },
    {
      "owner": "optic killz",
      "itemId": 11335,
      "amount": 1,
      "timeOption": "HOUR_24",
      "buyPrice": 20000000,
      "auctionPrice": 0,
      "timeSelling": {
        "time": 1622989290172
      },
      "allBids": {},
      "totalBids": 0,
      "state": "CLAIMED",
      "sentEndingSoonMessage": false
    },
    {
      "owner": "optic killz",
      "itemId": 11732,
      "amount": 1,
      "timeOption": "HOUR_24",
      "buyPrice": 15000000,
      "auctionPrice": 0,
      "timeSelling": {
        "time": 1622989315375
      },
      "allBids": {},
      "totalBids": 0,
      "state": "CLAIMED",
      "sentEndingSoonMessage": false
    },
    {
      "owner": "optic killz",
      "itemId": 2581,
      "amount": 1,
      "timeOption": "HOUR_24",
      "buyPrice": 10000000,
      "auctionPrice": 0,
      "timeSelling": {
        "time": 1622989341173
      },
      "allBids": {},
      "totalBids": 0,
      "state": "CLAIMED",
      "sentEndingSoonMessage": false
    },
    {
      "owner": "optic killz",
      "itemId": 4706,
      "amount": 1,
      "timeOption": "HOUR_24",
      "buyPrice": 750000000,
      "auctionPrice": 0,
      "timeSelling": {
        "time": 1622989413173
      },
      "allBids": {},
      "totalBids": 0,
      "state": "CLAIMED",
      "sentEndingSoonMessage": false
    },
    {
      "owner": "optic killz",
      "itemId": 6585,
      "amount": 1,
      "timeOption": "HOUR_24",
      "buyPrice": 5000000,
      "auctionPrice": 0,
      "timeSelling": {
        "time": 1622989430580
      },
      "allBids": {},
      "totalBids": 0,
      "state": "CLAIMED",
      "sentEndingSoonMessage": false
    },
    {
      "owner": "optic killz",
      "itemId": 13738,
      "amount": 1,
      "timeOption": "HOUR_24",
      "buyPrice": 550000000,
      "auctionPrice": 0,
      "timeSelling": {
        "time": 1622989489377
      },
      "allBids": {},
      "totalBids": 0,
      "state": "CLAIMED",
      "sentEndingSoonMessage": false
    },
    {
      "owner": "optic killz",
      "itemId": 4151,
      "amount": 0,
      "timeOption": "HOUR_24",
      "buyPrice": 25000000,
      "auctionPrice": 0,
      "timeSelling": {
        "time": -1
      },
      "allBids": {},
      "totalBids": 1,
      "state": "PURCHASED",
      "sentEndingSoonMessage": false
    },
    {
      "owner": "optic killz",
      "itemId": 6585,
      "amount": 1,
      "timeOption": "HOUR_1",
      "buyPrice": 5000000,
      "auctionPrice": 0,
      "timeSelling": {
        "time": 1622992921263
      },
      "allBids": {},
      "totalBids": 0,
      "state": "CLAIMED",
      "sentEndingSoonMessage": false
    },
    {
      "owner": "optic killz",
      "itemId": 51012,
      "amount": 1,
      "timeOption": "HOUR_24",
      "buyPrice": 300000000,
      "auctionPrice": 0,
      "timeSelling": {
        "time": 1622994366233
      },
      "allBids": {},
      "totalBids": 0,
      "state": "CLAIMED",
      "sentEndingSoonMessage": false
    },
    {
      "owner": "optic killz",
      "itemId": 6585,
      "amount": 1,
      "timeOption": "HOUR_24",
      "buyPrice": 5000000,
      "auctionPrice": 0,
      "timeSelling": {
        "time": 1623013236972
      },
      "allBids": {},
      "totalBids": 0,
      "state": "CLAIMED",
      "sentEndingSoonMessage": false
    }
  ]
}