<list>

	<shop>
		<id>17</id>
		<name>Brother Jered's Items</name>
		<type>2</type>

		<item> #Monk's robe
			<id>544</id>
		</item>

		<item> #Monk's robe
			<id>542</id>
		</item>

		<item> #Bones
			<id>526</id>
		</item>

	</shop>


	<shop>
		<id>24</id>
		<name>Member Store I</name>
		<type>3</type>

		<item> #Chaotic longsword
			<id>18351</id>
		</item>

		<item> #Chaotic rapier
			<id>18349</id>
		</item>

		<item> #Chaotic maul
			<id>18353</id>
		</item>

		<item> #Chaotic staff
			<id>18355</id>
		</item>

		<item> #Chaotic crossbow
			<id>18357</id>
		</item>

		<item> #Chaotic kiteshield
			<id>18359</id>
		</item>

		<item> #Farseer kiteshield
			<id>18363</id>
		</item>

		<item> #Eagle-eye kiteshield
			<id>18361</id>
		</item>

		<item> #Arcane stream necklace
			<id>18335</id>
		</item>

		<item> #Bonecrusher
			<id>18337</id>
		</item>

		<item> #Bandos godsword
			<id>11696</id>
		</item>

		<item> #Zamorak godsword
			<id>11700</id>
		</item>

		<item> #Saradomin godsword
			<id>11698</id>
		</item>

		<item> #Armadyl godsword
			<id>11694</id>
		</item>

		<item> #Pernix cowl
			<id>14011</id>
		</item>

		<item> #Pernix body
			<id>14012</id>
		</item>

		<item> #Pernix chaps
			<id>14013</id>
		</item>

		<item> #Virtus mask
			<id>14014</id>
		</item>

		<item> #Virtus robe top
			<id>14015</id>
		</item>

		<item> #Virtus robe legs
			<id>14016</id>
		</item>

		<item> #Armadyl helmet
			<id>11718</id>
		</item>

		<item> #Armadyl chestplate
			<id>11720</id>
		</item>

		<item> #Armadyl chainskirt
			<id>11722</id>
		</item>

		<item> #Bandos chestplate
			<id>11724</id>
		</item>

		<item> #Bandos tassets
			<id>11726</id>
		</item>

		<item> #Bandos boots
			<id>11728</id>
		</item>

		<item> #Staff of light
			<id>15486</id>
		</item>

		<item> #Flameburst defender
			<id>17273</id>
		</item>

		<item> #TokHaar-Kal
			<id>19111</id>
		</item>

		<item> #Saradomin sword
			<id>11730</id>
		</item>

		<item> #Dragon claws
			<id>14484</id>
		</item>

		<item> #Korasi's sword
			<id>19780</id>
		</item>

		<item> #Third-age melee set
			<id>11858</id>
		</item>

		<item> #Third-age ranger set
			<id>11860</id>
		</item>

		<item> #Third-age mage set
			<id>11862</id>
		</item>

	</shop>
	<shop>
		<id>25</id>
		<name>Member Store II</name>
		<type>3</type>

		<item> #Christmas cracker
			<id>962</id>
		</item>

		<item> #White partyhat
			<id>1048</id>
		</item>

		<item> #Blue partyhat
			<id>1042</id>
		</item>

		<item> #Purple partyhat
			<id>1046</id>
		</item>

		<item> #Green partyhat
			<id>1044</id>
		</item>

		<item> #Yellow partyhat
			<id>1040</id>
		</item>

		<item> #Red partyhat
			<id>1038</id>
		</item>

		<item> #Blue h'ween mask
			<id>1055</id>
		</item>

		<item> #Green h'ween mask
			<id>1053</id>
		</item>

		<item> #Red h'ween mask
			<id>1057</id>
		</item>

		<item> #Santa hat
			<id>1050</id>
		</item>

		<item> #Spectral spirit shield
			<id>13744</id>
		</item>

		<item> #Arcane spirit shield
			<id>13738</id>
		</item>

		<item> #Elysian spirit shield
			<id>13742</id>
		</item>

		<item> #Ring of wealth
			<id>2572</id>
		</item>

		<item> #Seers' ring (i)
			<id>15018</id>
		</item>

		<item> #Warrior ring (i)
			<id>15020</id>
		</item>

		<item> #Berserker ring (i)
			<id>15220</id>
		</item>

		<item> #Amulet of fury
			<id>6585</id>
		</item>

		<item> #Abyssal whip
			<id>15441</id>
		</item>

		<item> #Abyssal whip
			<id>15442</id>
		</item>

		<item> #Abyssal whip
			<id>15443</id>
		</item>

		<item> #Abyssal whip
			<id>15444</id>
		</item>

		<item> #Steadfast boots
			<id>20000</id>
		</item>

		<item> #Glaiven boots
			<id>20001</id>
		</item>

		<item> #Ragefire boots
			<id>20002</id>
		</item>

		<item> #Dark bow
			<id>11235</id>
		</item>

	</shop>
	<shop>
		<id>27</id>
		<name>Voting Rewards Store</name>
		<type>4</type>

		<item> #Blue Staff of light
			<id>14004</id>
		</item>

		<item> #Red Staff of light
			<id>14005</id>
		</item>

		<item> #Green Staff of light
			<id>14006</id>
		</item>

		<item> #Yellow Staff of light
			<id>14007</id>
		</item>

		<item> #Green dragon boots
			<id>11350</id>
		</item>

		<item> #Blue dragon boots
			<id>11352</id>
		</item>

		<item> #Pink dragon boots
			<id>11353</id>
		</item>

		<item> #Yellow dragon boots
			<id>11354</id>
		</item>

		<item> #Lava dragon boots
			<id>11351</id>
		</item>

		<item> #Abyssal Bludgeon
			<id>13045</id>
		</item>

		<item> #Dragon defender (broken)
			<id>50463</id>
		</item>

		<item> #Seers' ring (i)
			<id>15018</id>
		</item>

		<item> #Archers' ring (i)
			<id>15019</id>
		</item>

		<item> #Warrior ring (i)
			<id>15020</id>
		</item>

		<item> #Berserker ring (i)
			<id>15220</id>
		</item>

		<item> #Fire cape
			<id>6570</id>
		</item>

		<item> #TokHaar-Kal
			<id>19111</id>
		</item>

		<item> #Red robin hood hat
			<id>14000</id>
		</item>

		<item> #Yellow robin hood hat
			<id>14001</id>
		</item>

		<item> #Blue robin hood hat
			<id>14002</id>
		</item>

		<item> #White robin hood hat
			<id>14003</id>
		</item>

		<item> #Robin hood hat
			<id>2581</id>
		</item>

		<item> #Ranger boots
			<id>2577</id>
		</item>

		<item> #Amulet of fury
			<id>6585</id>
		</item>

		<item> #Amulet of fury (or)
			<id>19335</id>
		</item>

		<item> #Overload (4)
			<id>15332</id>
		</item>

		<item> #Charming imp
			<id>6500</id>
		</item>

		<item> #Dragon full helm (or)
			<id>19336</id>
		</item>

		<item> #Dragon platebody (or)
			<id>19337</id>
		</item>

		<item> #Dragon platelegs (or)
			<id>19338</id>
		</item>

		<item> #Dragon plateskirt (or)
			<id>19339</id>
		</item>

		<item> #Dragon square shield (or)
			<id>19340</id>
		</item>

		<item> #Dragon defender
			<id>20072</id>
		</item>

		<item> #Quest point cape
			<id>9813</id>
		</item>

		<item> #Charm Box
			<id>10025</id>
		</item>

		<item> #Abyssal whip
			<id>4151</id>
		</item>

		<item> #Holy elixir
			<id>13754</id>
		</item>

		<item> #$10 Scroll
			<id>10942</id>
		</item>

		<item> #Book of war
			<id>42608</id>
		</item>

		<item> #Saradomin halo
			<id>42637</id>
		</item>

		<item> #Zamorak halo
			<id>42638</id>
		</item>

		<item> #Guthix halo
			<id>42639</id>
		</item>

		<item> #Steam battle staf
			<id>42795</id>
		</item>

		<item> #Monkey greegree
			<id>4031</id>
		</item>

	</shop>

	<shop>
		<id>31</id>
		<name>Donator Shop</name>
		<type>2</type>

		<item> #Extreme strength (3)
			<id>15313</id>
		</item>

		<item> #Extreme defence (3)
			<id>15317</id>
		</item>

		<item> #Extreme attack (3)
			<id>15309</id>
		</item>

		<item> #Extreme ranging (3)
			<id>15325</id>
		</item>

		<item> #Extreme magic (3)
			<id>15321</id>
		</item>

		<item> #Overload (3)
			<id>15333</id>
		</item>

		<item> #Recover special (3)
			<id>15301</id>
		</item>

		<item> #Explosive potion
			<id>4045</id>
		</item>

		<item> #Master wand
			<id>6914</id>
		</item>

		<item> #Mages' book
			<id>6889</id>
		</item>

		<item> #Berserker ring
			<id>6737</id>
		</item>

		<item> #Warrior ring
			<id>6735</id>
		</item>

		<item> #Archers' ring
			<id>6733</id>
		</item>

		<item> #Seers' ring
			<id>6731</id>
		</item>

		<item> #Stat reset certificate
			<id>13663</id>
		</item>

		<item> #Dragonkin lamp
			<id>18782</id>
		</item>

		<item> #Super strength flask (6)
			<id>14177</id>
		</item>

		<item> #Super attack flask (6)
			<id>14189</id>
		</item>

		<item> #Super defence flask (6)
			<id>14165</id>
		</item>

		<item> #Super restore flask (6)
			<id>14416</id>
		</item>

		<item> #Saradomin brew flask (6)
			<id>14428</id>
		</item>

		<item> #Magic flask (6)
			<id>14404</id>
		</item>

		<item> #Ranging flask (6)
			<id>14153</id>
		</item>

	</shop>

	<shop>
		<id>41</id>
		<name>Gambler's Items</name>
		<type>2</type>

		<item> #Dice bag
			<id>15084</id>
		</item>

		<item> #Mithril seeds
			<id>299</id>
		</item>

	</shop>
	<shop>
		<id>42</id>
		<name>Guardian's Items</name>
		<type>16</type>

		<item> #Bonecrusher
			<id>18337</id>
		</item>

		<item> #Fighter torso
			<id>10551</id>
		</item>

		<item> #Fighter hat
			<id>10548</id>
		</item>

		<item> #Runner hat
			<id>10549</id>
		</item>

		<item> #Ranger hat
			<id>10550</id>
		</item>

		<item> #Zombie shirt
			<id>7592</id>
		</item>

		<item> #Zombie trousers
			<id>7593</id>
		</item>

		<item> #Zombie mask
			<id>7594</id>
		</item>

		<item> #Zombie gloves
			<id>7595</id>
		</item>

		<item> #Zombie boots
			<id>7596</id>
		</item>

		<item> #Hand cannon
			<id>15241</id>
		</item>

		<item> #Hand cannon shot
			<id>15243</id>
		</item>

		<item> #Abyssal whip
			<id>4151</id>
		</item>

		<item> #Amulet of fury
			<id>6585</id>
		</item>

		<item> #Zaryte bow
			<id>4706</id>
		</item>

		<item> #Slayer helmet
			<id>13263</id>
		</item>

		<item> #Bandos godsword
			<id>11696</id>
		</item>

		<item> #Saradomin godsword
			<id>11698</id>
		</item>

		<item> #Zamorak godsword
			<id>11700</id>
		</item>

	</shop>
	<shop>
		<id>43</id>
		<name>Tzhaar Hur Lek's Store</name>
		<type>8</type>

		<item> #Pet TzTok-Jad
			<id>11978</id>
		</item>

		<item> #Tin ore
			<id>438</id>
		</item>

		<item> #Copper ore
			<id>436</id>
		</item>

		<item> #Iron ore
			<id>440</id>
		</item>

		<item> #Coal
			<id>453</id>
		</item>

		<item> #Silver ore
			<id>442</id>
		</item>

		<item> #Gold ore
			<id>444</id>
		</item>

		<item> #Mithril ore
			<id>447</id>
		</item>

		<item> #Adamantite ore
			<id>449</id>
		</item>

		<item> #Runite ore
			<id>451</id>
		</item>

		<item> #Uncut sapphire
			<id>1623</id>
		</item>

		<item> #Uncut emerald
			<id>1621</id>
		</item>

		<item> #Uncut ruby
			<id>1619</id>
		</item>

		<item> #Uncut diamond
			<id>1617</id>
		</item>

		<item> #Uncut dragonstone
			<id>1631</id>
		</item>

		<item> #Uncut onyx
			<id>6571</id>
		</item>

		<item> #Berserker necklace
			<id>11128</id>
		</item>

		<item> #Toktz-ket-xil
			<id>6524</id>
		</item>

		<item> #Toktz-xil-ak
			<id>6523</id>
		</item>

		<item> #Toktz-mej-tal
			<id>6526</id>
		</item>

		<item> #Toktz-xil-ul
			<id>6522</id>
		</item>

		<item> #Tzhaar-ket-om
			<id>6528</id>
		</item>

		<item> #Obsidian cape
			<id>6568</id>
		</item>

	</shop>

	<shop>
		<id>56</id>
		<name>Construction Store</name>
		<type>2</type>

		<item> #Lit candle
			<id>34</id>
		</item>

		<item> #Plank
			<id>960</id>
		</item>

		<item> #Oak plank
			<id>8778</id>
		</item>

		<item> #Teak plank
			<id>8780</id>
		</item>

		<item> #Mahogany plank
			<id>8782</id>
		</item>

		<item> #Gold leaf
			<id>8784</id>
		</item>

		<item> #Marble block
			<id>8786</id>
		</item>

		<item> #Magic stone
			<id>8788</id>
		</item>

		<item> #Bolt of cloth
			<id>8790</id>
		</item>

		<item> #Clockwork
			<id>8792</id>
		</item>

		<item> #Saw
			<id>8794</id>
		</item>

		<item> #Molten glass
			<id>1775</id>
		</item>

		<item> #Soft clay
			<id>1761</id>
		</item>

		<item> #Limestone brick
			<id>3420</id>
		</item>

		<item> #Steel bar
			<id>2353</id>
		</item>

		<item> #Iron bar
			<id>2351</id>
		</item>

		<item> #Rope
			<id>954</id>
		</item>

		<item> #Watering can
			<id>5331</id>
		</item>

		<item> #Bagged sunflower
			<id>8457</id>
		</item>

		<item> #Bagged marigolds
			<id>8459</id>
		</item>

		<item> #Bagged roses
			<id>8461</id>
		</item>

		<item> #Bagged rosemary
			<id>8451</id>
		</item>

		<item> #Bagged daffodils
			<id>8453</id>
		</item>

		<item> #Bagged bluebells
			<id>8455</id>
		</item>

		<item> #Thorny hedge
			<id>8437</id>
		</item>

		<item> #Nice hedge
			<id>8439</id>
		</item>

		<item> #Small box hedge
			<id>8441</id>
		</item>

		<item> #Topiary hedge
			<id>8443</id>
		</item>

		<item> #Fancy hedge
			<id>8445</id>
		</item>

		<item> #Tall fancy hedge
			<id>8447</id>
		</item>

		<item> #Tall box hedge
			<id>8449</id>
		</item>

		<item> #Skull
			<id>964</id>
		</item>

		<item> #Bucket of water
			<id>1929</id>
		</item>

		<item> #Red dye
			<id>1763</id>
		</item>

		<item> #Steel nails
			<id>1539</id>
		</item>

	</shop>


</list>