[
    {
        "id": 0,
        "type": "OPTION",
        "lines": 5,
        "line1": "Rock Crabs",
        "line2": "Experiments",
        "line3": "Yaks",
        "line4": "Bandits",
        "line5": "Next",
        "next": 1,
        "npcId": -1
    },
    {
        "id": 1,
        "type": "OPTION",
        "lines": 5,
        "line1": "Ghouls",
        "line2": "Chaos Druids",
        "line3": "TzHaar",
        "line4": "Dust Devils",
        "line5": "Next",
        "next": 2,
        "npcId": -1
    },
    {
        "id": 2,
        "type": "OPTION",
        "lines": 5,
        "line1": "Chickens",
        "line2": "Monkey skeletons",
        "line3": "Monkey Guards",
        "line4": "Armoured Zombies",
        "line5": "Back",
        "next": -1,
        "npcId": -1
    },
    {
        "id": 3,
        "type": "OPTION",
        "lines": 2,
        "line1": "Shop I",
        "line2": "Shop II",
        "next": -1,
        "npcId": -1
    },
    {
        "id": 4,
        "type": "OPTION",
        "lines": 2,
        "line1": "Dismiss Familiar",
        "line2": "Cancel",
        "next": -1,
        "npcId": -1
    },
    {
        "id": 5,
        "type": "OPTION",
        "lines": 4,
        "line1": "I'd like to claim my purchased items",
        "line2": "I'd like to know how many funds I have in total",
        "line3": "I'd like to teleport to the Member's Zone",
        "line4": "Cancel",
        "next": -1,
        "npcId": -1
    },
    {
        "id": 6,
        "type": "OPTION",
        "lines": 3,
        "line1": "Member's Store I",
        "line2": "Member's Store II",
        "line3": "Cancel",
        "next": -1,
        "npcId": -1
    },
    {
        "id": 9,
        "type": "NPC_STATEMENT",
        "anim": "NORMAL",
        "lines": 2,
        "line1": "You do not have a bank PIN set.",
        "line2": "Would you like to set one?",
        "next": 10,
        "npcId": 494
    },
    {
        "id": 10,
        "type": "OPTION",
        "lines": 2,
        "line1": "Configure bank PIN.",
        "line2": "Cancel.",
        "next": -1,
        "npcId": -1
    },
    {
        "id": 11,
        "type": "NPC_STATEMENT",
        "anim": "NORMAL",
        "lines": 2,
        "line1": "You currently have a bank PIN set.",
        "line2": "Would you like to delete it?",
        "next": 12,
        "npcId": 494
    },
    {
        "id": 12,
        "type": "OPTION",
        "lines": 2,
        "line1": "Delete bank PIN.",
        "line2": "Cancel.",
        "next": -1,
        "npcId": -1
    },
    {
        "id": 13,
        "type": "OPTION",
        "lines": 4,
        "line1": "I'd like to view the Vote Rewards Store",
        "line2": "Browse Loyalty Titles",
        "line3": "Reset my Loyalty Title",
        "line4": "Cancel",
        "next": -1,
        "npcId": -1
    },
    {
        "id": 19,
        "type": "OPTION",
        "lines": 5,
        "line1": "Sell Bounty Hunter Artifacts",
		"line2": "Buy PvP Sets",
		"line3": "Show PvP Stats",
        "line4": "Open Blood Money Store",
        "line5": "Cancel",
        "next": -1,
        "npcId": -1
    },
    {
        "id": 20,
        "type": "OPTION",
        "lines": 5,
        "line1": "View Live Scoreboard: Top Killstreaks",
        "line2": "View Live Scoreboard: Top Pkers (KDR)",
        "line3": "View Live Scoreboard: Top Total Exp",
        "line4": "View Live Scoreboard: Top Achiever",
		"line5": "Cancel",
        "next": -1,
        "npcId": -1
    },
    {
        "id": 21,
        "type": "OPTION",
        "lines": 5,
        "line1": "Edgeville Wilderness Ditch",
        "line2": "Edgeville West Dragons (Level 10 Wilderness)",
        "line3": "Chaos Altar (Level 13 Wilderness)",
        "line4": "Edgeville East Dragons (Level 23 Wilderness)",
        "line5": "[MULTI] Bandit Camp (Level 23 Wilderness) [MULTI]",
        "next": -1,
        "npcId": -1
    },
    {
        "id": 22,
        "type": "OPTION",
        "lines": 5,
        "line1": "Edgeville Dungeon",
        "line2": "Chaos Tunnels",
        "line3": "Brimhaven Dungeon",
        "line4": "Taverly Dungeon",
        "line5": "Next Page",
        "next": -1,
        "npcId": -1
    },
    {
        "id": 23,
        "type": "OPTION",
        "lines": 4,
        "line1": "Godwars Dungeon",
        "line2": "Strykewyrm Cavern",
		"line3": "Ancient Cavern",
        "line4": "Previous Page",
        "next": -1,
        "npcId": -1
    },
    {
        "id": 24,
        "type": "OPTION",
        "lines": 5,
		"line1": "Talk about Prestiging",
        "line2": "I'd like to buy a Completionist Cape (100M)",
		"line3": "I'd like to buy a veteran cape (75m)",
		"line4": "I'd like to buy a Max Cape (50M)",
        "line5": "Cancel",
        "next": -1,
        "npcId": -1
    },
    {
        "id": 25,
        "type": "OPTION",
        "lines": 5,
        "line1": "Warriors Guild",
        "line2": "Pest Control",
        "line3": "Duel Arena",
        "line4": "Barrows",
        "line5": "Next Page",
        "next": -1,
        "npcId": -1
    },
    {
        "id": 26,
        "type": "NPC_STATEMENT",
        "anim": "CALM",
        "lines": 2,
        "line1": "Your task is to defend the Void knight while",
        "line2": "closing all the portals. Good luck adventurer.",
        "next": -1,
        "npcId": 3782
    },
    {
        "id": 27,
        "type": "STATEMENT",
        "lines": 1,
        "line1": "You've found a hidden tunnel! Would you like to enter?",
        "next": 28,
        "npcId": -1
    },
    {
        "id": 28,
        "type": "OPTION",
        "lines": 2,
        "line1": "Enter",
        "line2": "Cancel",
        "next": -1,
        "npcId": -1
    },
    {
        "id": 29,
        "type": "NPC_STATEMENT",
        "anim": "NORMAL",
        "lines": 3,
        "line1": "Hello there.",
        "line2": "I have the ability to help you with your",
        "line3": "account settings. What would you like to do?",
        "next": 30,
        "npcId": 6139
    },
    {
        "id": 30,
        "type": "OPTION",
        "lines": 5,
        "line1": "Set email-address (used when recovering your password)",
        "line2": "Set bank-pin (used when attempting to open the bank)",
        "line3": "Change Gamemode",
        "line4": "Change Password",
        "line5": "Cancel",
        "next": -1,
        "npcId": -1
    },
    {
        "id": 31,
        "type": "NPC_STATEMENT",
        "anim": "NORMAL",
        "lines": 2,
        "line1": "You already have a bank-pin.",
        "line2": "Would you like to delete it?",
        "next": 32,
        "npcId": 6139
    },
    {
        "id": 32,
        "type": "OPTION",
        "lines": 4,
        "line1": "TzHaar Fight Cave",
        "line2": "TzHaar Fight Pit",
        "line3": "Graveyard Arena",
        "line4": "Previous Page",
        "next": -1,
        "npcId": -1
    },
    {
        "id": 33,
        "type": "OPTION",
        "lines": 3,
        "line1": "Teleport: Quest Location",
        "line2": "Open Quest Log",
        "line3": "Cancel",
        "next": -1,
        "npcId": -1
    },
    {
        "id": 34,
        "type": "OPTION",
        "lines": 3,
        "line1": "Mini Quests",
        "line2": "Minigames",
        "line3": "Cancel",
        "next": -1,
        "npcId": -1
    },
    {
        "id": 35,
        "type": "OPTION",
        "lines": 3,
        "line1": "Recipe For Disaster",
        "line2": "Nomad's Requeim",
        "line3": "Cancel",
        "next": -1,
        "npcId": -1
    },
    {
        "id": 36,
        "type": "NPC_STATEMENT",
        "anim": "NORMAL",
        "lines": 3,
        "line1": "Look out, here comes TzTok-Jad!",
        "line2": "You're on your own now JalYt, prepare to fight for",
        "line3": "your life!",
        "next": -1,
        "npcId": 2617
    },
    {
        "id": 37,
        "type": "NPC_STATEMENT",
        "anim": "NORMAL",
        "lines": 2,
        "line1": "You even defeated TzTok-Jad, I am most impressed!",
        "line2": "Please take this gift as a reward.",
        "next": -1,
        "npcId": 2617
    },
    {
        "id": 38,
        "type": "NPC_STATEMENT",
        "anim": "SAD",
        "lines": 4,
        "line1": "Please! You must help me, adventurer!",
        "line2": "The Culinaromancer is back!",
        "line3": "He's going to destroy Solace!",
        "line4": "Will you help defeat him?",
        "next": 44,
        "npcId": 3385
    },
    {
        "id": 39,
        "type": "PLAYER_STATEMENT",
        "anim": "PLAIN_TALKING",
        "lines": 1,
        "line1": "How do I defeat the Culinaromancer?",
        "next": 40,
        "npcId": -1
    },
    {
        "id": 40,
        "type": "NPC_STATEMENT",
        "anim": "PLAIN_TALKING",
        "lines": 2,
        "line1": "Enter the portal and gain the Culinaromancer's attention",
        "line2": "by defeating all his servants.",
        "next": 41,
        "npcId": 3385
    },
    {
        "id": 41,
        "type": "NPC_STATEMENT",
        "anim": "PLAIN_TALKING",
        "lines": 2,
        "line1": "Once you've defeated all of them, the Culinaromancer",
        "line2": "will probably fight you himself. You must slay him!",
        "next": 42,
        "npcId": 3385
    },
    {
        "id": 42,
        "type": "NPC_STATEMENT",
        "anim": "PLAIN_TALKING",
        "lines": 2,
        "line1": "Every servant that you defeat will unlock deeper access",
        "line2": "into the Culinaromancer's chest which is located next to me.",
        "next": 45,
        "npcId": 3385
    },
    {
        "id": 44,
        "type": "OPTION",
        "lines": 2,
        "line1": "Yes",
        "line2": "No, maybe later.",
        "next": -1,
        "npcId": -1
    },
    {
        "id": 45,
        "type": "NPC_STATEMENT",
        "anim": "NORMAL",
        "lines": 2,
        "line1": "Thank you for helping adventurer!",
        "line2": "I wish you the best of luck!",
        "next": -1,
        "npcId": 3385
    },
    {
        "id": 46,
        "type": "NPC_STATEMENT",
        "anim": "NORMAL",
        "lines": 3,
        "line1": "You did it!",
        "line2": "You defeated the Culinaromancer!",
        "line3": "Thank you so much!",
        "next": 47,
        "npcId": 3385
    },
    {
        "id": 47,
        "type": "NPC_STATEMENT",
        "anim": "NORMAL",
        "lines": 3,
        "line1": "Remember that you now have full access",
        "line2": "to the Culinaromancer's chest!",
        "line3": "It is that thing next to me.",
        "next": -1,
        "npcId": 3385
    },
    {
        "id": 48,
        "type": "NPC_STATEMENT",
        "anim": "NORMAL",
        "lines": 2,
        "line1": "Another adventurer!",
        "line2": "Tell me, have you come to defeat me?",
        "next": 49,
        "npcId": 8528
    },
    {
        "id": 49,
        "type": "OPTION",
        "lines": 2,
        "line1": "Yes, I have!",
        "line2": "Uhm.. No sir.",
        "next": -1,
        "npcId": -1
    },
    {
        "id": 50,
        "type": "NPC_STATEMENT",
        "anim": "CALM",
        "lines": 4,
        "line1": "Well then. I challenge you to a duel!",
        "line2": "If I manage to defeat you, Then you suck.",
        "line3": "If you manage to defeat me, I will grant you access",
        "line4": "to my store. Do you wish to begin?",
        "next": 51,
        "npcId": 8528
    },
    {
        "id": 51,
        "type": "OPTION",
        "lines": 2,
        "line1": "No, not yet.",
        "line2": "Yes, let's go.",
        "next": -1,
        "npcId": -1
    },
    {
        "id": 53,
        "type": "NPC_STATEMENT",
        "anim": "NORMAL",
        "lines": 2,
        "line1": "You fought well.",
        "line2": "You have gained access to view my shop.",
        "next": -1,
        "npcId": 8528
    },
    {
        "id": 54,
        "type": "OPTION",
        "lines": 3,
        "line1": "Teleport: Puro Puro",
        "line2": "Teleport: Karamja - Trap area (Level 23 Hunter Required)",
        "line3": "Cancel",
        "next": -1,
        "npcId": -1
    },
    {
        "id": 55,
        "type": "OPTION",
        "lines": 4,
        "line1": "Teleport: Gnome Course",
        "line2": "Teleport: Barbarian Outpost Course (35 Agility)",
        "line3": "Teleport: Wilderness Course (55 Agility, 50 Wilderness)",
        "line4": "Cancel",
        "next": -1,
        "npcId": -1
    },
    {
        "id": 56,
        "type": "NPC_STATEMENT",
        "anim": "ANGRY",
        "lines": 2,
        "line1": "Hey you! Yes, you!",
        "line2": "Finish the whole course next time!",
        "next": -1,
        "npcId": 437
    },
    {
        "id": 57,
        "type": "NPC_STATEMENT",
        "anim": "NORMAL",
        "lines": 2,
        "line1": "Good job on completing the course!",
        "line2": "Take these tickets as reward.",
        "next": -1,
        "npcId": 437
    },
    {
        "id": 58,
        "type": "NPC_STATEMENT",
        "anim": "NORMAL",
        "lines": 2,
        "line1": "Keep going friend! You're doing great.",
        "line2": "Take these tickets as reward and motivation!",
        "next": -1,
        "npcId": 437
    },
    {
        "id": 59,
        "type": "NPC_STATEMENT",
        "anim": "NORMAL",
        "lines": 3,
        "line1": "Good job! ",
        "line2": "Moving through pipes and climbing trees is not easy!",
        "line3": "Take these tickets as reward!",
        "next": -1,
        "npcId": 437
    },
    {
        "id": 60,
        "type": "OPTION",
        "lines": 4,
        "line1": "Create a clan chat",
        "line2": "Edit my clan chat",
		"line3": "Delete my clan chat",
        "line4": "Cancel",
        "next": -1,
        "npcId": -1
    },
    {
        "id": 61,
        "type": "OPTION",
        "lines": 4,
        "line1": "Select Slayer Master",
        "line2": "Teleport to Slayer Master",
        "line3": "Teleport to Slayer Tower",
        "line4": "Cancel",
        "next": -1,
        "npcId": -1
    },
    {
        "id": 62,
        "type": "OPTION",
        "lines": 5,
        "line1": "Vannaka",
        "line2": "Duradel (Level 50 Slayer Required)",
        "line3": "Konar Quo Maten (Level 75 Slayer Required)",
        "line4": "Kuradel (Level 80 Slayer Required)",
        "line5": "Next Page",
        "next": 366,
        "npcId": -1
    },
    {
        "id": 63,
        "type": "OPTION",
        "lines": 3,
        "line1": "Buy Shards (25 coins each)",
        "line2": "Sell Shards (25 coins each)",
        "line3": "Cancel",
        "next": -1,
        "npcId": -1
    },
    {
        "id": 64,
        "type": "OPTION",
        "lines": 3,
        "line1": "Teleport To The Gambling Area",
        "line2": "View Gambler's Store",
        "line3": "Cancel",
        "next": -1,
        "npcId": -1
    },
    {
        "id": 65,
        "type": "OPTION",
        "lines": 5,
        "line1": "Godwars Dungeon",
        "line2": "Dagannoth Kings",
        "line3": "Frost Dragons",
        "line4": "Tormented Demons",
        "line5": "More",
        "next": -1,
        "npcId": -1
    },
    {
        "id": 66,
        "type": "OPTION",
        "lines": 5,
        "line1": "King Black Dragon",
        "line2": "Chaos Elemental",
        "line3": "Slash Bash",
        "line4": "Nomad",
        "line5": "More",
        "next": -1,
        "npcId": -1
    },
    {
        "id": 68,
        "type": "OPTION",
        "lines": 5,
        "line1": "Kalphite Queen",
        "line2": "Phoenix",
        "line3": "Bandos Avatar",
        "line4": "Glacors",
        "line5": "More",
        "next": -1,
        "npcId": -1
    },
    {
        "id": 69,
        "type": "OPTION",
        "lines": 5,
        "line1": "Corporeal Beast",
        "line2": "Nex",
        "line3": "Scorpia (WILDERNESS)",
        "line4": "Venenatis (WILDERNESS)",
        "line5": "return",
        "next": -1,
        "npcId": -1
    },
    {
        "id": 70,
        "type": "NPC_STATEMENT",
        "anim": "SCARED",
        "lines": 2,
        "line1": "Warning! This teleport leads to the",
        "line2": "wilderness where players can attack you.",
        "next": 71,
        "npcId": 1
    },
    {
        "id": 71,
        "type": "OPTION",
        "lines": 2,
        "line1": "Continue",
        "line2": "Cancel",
        "next": -1,
        "npcId": -1
    },
    {
        "id": 72,
        "type": "NPC_STATEMENT",
        "anim": "THINKING_STILL",
        "lines": 1,
        "line1": "Please wait at least 5 seconds. Don't touch anything!",
        "next": 72,
        "npcId": 7969
    },
    {
        "id": 73,
        "type": "NPC_STATEMENT",
        "anim": "SAD",
        "lines": 2,
        "line1": "Nope, sorry.",
        "line2": "I Can't seem to locate that drop",
        "next": -1,
        "npcId": 7969
    },
    {
        "id": 74,
        "type": "NPC_STATEMENT",
        "anim": "GOOFY_LAUGH",
        "lines": 2,
        "line1": "You're going to have to be far more",
        "line2": "specific than that!",
        "next": -1,
        "npcId": 7969
    },
    {
        "id": 75,
        "type": "OPTION",
        "lines": 4,
        "line1": "About the Well",
        "line2": "Look down Well",
        "line3": "Contribute to Well",
        "line4": "Cancel",
        "next": -1,
        "npcId": -1
    },
    {
        "id": 76,
        "type": "NPC_STATEMENT",
        "anim": "NORMAL",
        "lines": 4,
        "line1": "The Well of Goodwill, brought to us by",
        "line2": "Saradomin. It is said that the well can",
        "line3": "hold 1250M coins. For every 250M added to it",
        "line4": "we get a reward blessing for 2 hours.",
        "next": 77,
        "npcId": 802
    },
    {
        "id": 77,
        "type": "NPC_STATEMENT",
        "anim": "NORMAL",
        "lines": 4,
        "line1": "Rewards include double slayer/PC/vote points,",
        "line2": "double blood money, and bonus/double XP.",
        "line3": "If you have contributed you will receive",
        "line4": "bonus Loyalty points as well, for 2 hours.",
        "next": 75,
        "npcId": 802
    },
    {
        "id": 78,
        "type": "OPTION",
        "lines": 2,
        "line1": "Pick up flowers",
        "line2": "Leave flowers",
        "next": -1,
        "npcId": -1
    },
    {
        "id": 79,
        "type": "STATEMENT",
        "lines": 1,
        "line1": "Are you sure about this?",
        "next": 80,
        "npcId": -1
    },
    {
        "id": 80,
        "type": "OPTION",
        "lines": 2,
        "line1": "Continue",
        "line2": "Cancel",
        "next": -1,
        "npcId": -1
    },
    {
        "id": 81,
        "type": "NPC_STATEMENT",
        "anim": "NORMAL",
        "lines": 2,
        "line1": "Welcome to Zyrox!",
        "line2": "Which mode would you like to play as?",
        "next": 82,
        "npcId": 6139
    },
    {
        "id": 82,
        "type": "OPTION",
        "lines": 4,
        "line1": "Normal",
        "line2": "Ironman",
        "line3": "Hardcore Ironman",
        "line4": "Information About The Modes",
        "next": -1,
        "npcId": -1
    },
    {
        "id": 83,
        "type": "NPC_STATEMENT",
        "anim": "SAD",
        "lines": 3,
        "line1": "I'm sorry, but right now only ironman-players",
        "line2": "can change their gamemode.",
        "line3": "You can always create a new account though!",
        "next": -1,
        "npcId": 6139
    },
    {
        "id": 84,
        "type": "NPC_STATEMENT",
        "anim": "THINKING_STILL",
        "lines": 2,
        "line1": "Are you sure you wish to do that?",
        "line2": "You can not change back after this!",
        "next": 85,
        "npcId": 6139
    },
    {
        "id": 85,
        "type": "OPTION",
        "lines": 2,
        "line1": "Yes",
        "line2": "No",
        "next": -1,
        "npcId": -1
    },
    {
        "id": 86,
        "type": "OPTION",
        "lines": 3,
        "line1": "Teleport: Essence mine",
        "line2": "Teleport: Mining Guild",
        "line3": "Cancel",
        "next": -1,
        "npcId": -1
    },
    {
        "id": 87,
        "type": "OPTION",
        "lines": 3,
        "line1": "Mine Rune Essence",
        "line2": "Mine Pure Essence (level 21 Mining)",
        "line3": "Cancel",
        "next": -1,
        "npcId": -1
    },
    {
        "id": 88,
        "type": "OPTION",
        "lines": 5,
        "line1": "Teleport: Edgeville",
        "line2": "Teleport: Varrock",
        "line3": "Teleport: Duel Arena",
        "line4": "Teleport: TzHaar Caves",
        "line5": "Cancel",
        "next": -1,
        "npcId": -1
    },
    {
        "id": 89,
        "type": "OPTION",
        "lines": 3,
        "line1": "Teleport: Low-level Woodcutting",
        "line2": "Teleport: High-level Woodcutting (Level 60 Required)",
        "line3": "Cancel",
        "next": -1,
        "npcId": -1
    },
    {
        "id": 90,
        "type": "NPC_STATEMENT",
        "anim": "NORMAL",
        "lines": 2,
        "line1": "Welcome to my Graveyard, adventurer.",
		"line2": "I hope you will enjoy your stay.",
        "next": 91,
        "npcId": 3101
    },
    {
        "id": 91,
        "type": "PLAYER_STATEMENT",
        "anim": "THINKING_STILL",
        "lines": 2,
        "line1": "Thanks!",
		"line2": "Hmm.. Are those real zombies?",
        "next": 92
    },
    {
        "id": 92,
        "type": "NPC_STATEMENT",
        "anim": "NORMAL",
        "lines": 3,
        "line1": "Yes they are, sadly..",
		"line2": "These pesky zombies always make a mess of my yard.",
		"line3": "Iuff.",
        "next": 93,
        "npcId": 3101
    },
	{
        "id": 93,
        "type": "NPC_STATEMENT",
        "anim": "NORMAL",
        "lines": 4,
        "line1": "Iuff. I can make you a deal, adventurer.",
		"line2": "If you help me clear out all the zombies,",
		"line3": "I will reward you with fragments which you",
		"line4": "can use in my store to unlock great items.",
        "next": 94,
        "npcId": 3101
    },
	{
        "id": 94,
        "type": "NPC_STATEMENT",
        "anim": "NORMAL",
        "lines": 4,
        "line1": "I will make sure that each zombie you kill",
		"line2": "will drop one of these rare fragments.",
		"line3": "This way, your effort will not be a waste",
		"line4": "of time. What do you say, are you in?",
        "next": 95,
        "npcId": 3101
    },
	{
        "id": 95,
        "type": "STATEMENT",
        "lines": 1,
        "line1": "Would you like to start the Graveyard minigame?",
        "next": 96
    },
	{
        "id": 96,
        "type": "OPTION",
        "lines": 2,
        "line1": "Yes, zombies do not scare me!",
		"line2": "Cancel, abort mission, abort mission!",
        "next": -1
    },
	{
        "id": 97,
        "type": "NPC_STATEMENT",
        "anim": "NORMAL",
        "lines": 3,
        "line1": "I've cast a spell on the area.",
		"line2": "If you die, you will keep your items.",
		"line3": "Good luck, adventurer.",
        "next": 98,
        "npcId": 3101
    },
	{
        "id": 98,
        "type": "NPC_STATEMENT",
        "anim": "NORMAL",
        "lines": 1,
        "line1": "Iuff.",
        "next": -1,
        "npcId": 3101
    },
	{
        "id": 99,
        "type": "OPTION",
        "lines": 3,
        "line1": "Experience",
		"line2": "Equipment",
		"line3": "Cancel",
        "next": -1
    },
	{
        "id": 100,
        "type": "OPTION",
        "lines": 5,
        "line1": "Buy Pure Set @blu@(1.8M)",
		"line2": "Buy Melee Main Set @blu@(1.5M)",
		"line3": "Buy Range Main Set @blu@(2.6M)",
		"line4": "Buy Magic Main Set @blu@(1.9M)",
		"line5": "Buy Hybrid Main Set @blu@(2.7M)",
        "next": -1,
        "npcId": -1
    },
	{
        "id": 101,
        "type": "OPTION",
        "lines": 5,
        "line1": "Configure Gold Charms",
		"line2": "Configure Green Charms",
		"line3": "Configure Crimson Charms",
		"line4": "Configure Blue Charms",
		"line5": "Cancel",
        "next": -1,
        "npcId": -1
    },
	{
        "id": 102,
        "type": "OPTION",
        "lines": 3,
        "line1": "Automatically Pick-up All Charms",
		"line2": "Automatically Turn All Charms Into Exp",
		"line3": "Cancel",
        "next": -1
    },
	{
        "id": 103,
        "type": "OPTION",
        "lines": 3,
        "line1": "Create Slayer Duo Team",
		"line2": "Leave Slayer Duo Team",
		"line3": "Cancel",
        "next": -1
    },
	{
        "id": 104,
        "type": "NPC_STATEMENT",
        "anim": "NORMAL",
        "lines": 4,
        "line1": "Welcome to Daeomheim my friend! To start",
		"line2": "Dungeoneering you must first be in a party.",
		"line3": "A party can contain up to 5 members. Simply",
		"line4": "press on the 'Form Party' button to begin!",
        "next": -1,
        "npcId": 9713
    },
	{
        "id": 105,
        "type": "OPTION",
        "lines": 5,
        "line1": "Floor 1",
		"line2": "N/A",
		"line3": "N/A",
		"line4": "N/A",
		"line5": "Cancel",
        "next": -1
    },
	{
        "id": 106,
        "type": "OPTION",
        "lines": 5,
        "line1": "Complexity 1",
		"line2": "Complexity 2",
		"line3": "Complexity 3",
		"line4": "Complexity 4",
		"line5": "Cancel",
        "next": -1
    },
	{
        "id": 107,
        "type": "OPTION",
        "lines": 3,
        "line1": "Open Dungeoneering Store",
		"line2": "Start Dungeoneering",
		"line3": "Cancel",
		"next": -1
    },
	{
        "id": 108,
        "type": "OPTION",
        "lines": 3,
		"line1": "I want 10 minutes of 30% bonus experience!",
        "line2": "I want 1,000,000 coins & 1 Voting point!",
		"line3": "Cancel",
		"next": -1
    },
	{
        "id": 109,
        "type": "OPTION",
        "lines": 3,
		"line1": "I want 5 minutes of 10% bonus experience!",
        "line2": "I want 25,000 coins & 1 Voting point!",
		"line3": "Cancel",
		"next": -1
    },
	{
        "id": 110,
        "type": "NPC_STATEMENT",
        "anim": "SCARED",
        "lines": 3,
        "line1": "Warning!",
		"line2": "If you die in a boss room, the gods will",
        "line3": "take your items as sacrifice. Be careful!",
        "next": -1,
        "npcId": 1
    },
	{
        "id": 111,
        "type": "NPC_STATEMENT",
        "anim": "NORMAL",
        "lines": 2,
        "line1": "You need to be in a Dungeoneering party to begin.",
		"line2": "Either join one or form your own.",
        "next": 107,
        "npcId": 9713
    },
	{
        "id": 112,
        "type": "NPC_STATEMENT",
        "anim": "NORMAL",
        "lines": 2,
        "line1": "You party has not selected which floor to explore.",
		"line2": "Come back once you have decided!",
        "next": 107,
        "npcId": 9713
    },
	{
        "id": 113,
        "type": "NPC_STATEMENT",
        "anim": "NORMAL",
        "lines": 3,
        "line1": "You party has not selected which complexity",
		"line2": "level they wish to explore the floor with.",
		"line3": "Come back once you have decided!",
        "next": 107,
        "npcId": 9713
    },
	{
        "id": 114,
        "type": "OPTION",
        "lines": 2,
		"line1": "Abandon Dungeon",
        "line2": "Cancel",
		"next": -1
    },
    {
        "id": 115,
        "type": "NPC_STATEMENT",
        "anim": "SCARED",
        "lines": 4,
        "line1": "Warning! The entire town has become infested with",
        "line2": "revenants. You also need to be warned that the whole",
        "line3": "town is a level @red@60 Wilderness multi-area@bla@.",
        "line4": "Are you sure you wish to enter anyway?",
        "next": 116,
        "npcId": 1
    },
	{
        "id": 116,
        "type": "OPTION",
        "lines": 2,
		"line1": "Enter Ghost Town",
        "line2": "Cancel",
		"next": -1
    },
    {
        "id": 117,
        "type": "PLAYER_STATEMENT",
        "anim": "PLAIN_TALKING",
        "lines": 1,
        "line1": "A ghost? What are you doing here?",
        "next": 118,
        "npcId": -1
    },
    {
        "id": 118,
        "type": "NPC_STATEMENT",
        "anim": "PLAIN_TALKING",
        "lines": 2,
        "line1": "Well, my home town has been overrun with revenants.",
        "line2": "So there is that.",
        "next": 119,
        "npcId": 457
    },
    {
        "id": 119,
        "type": "PLAYER_STATEMENT",
        "anim": "PLAIN_TALKING",
        "lines": 1,
        "line1": "Is there anything I can do to help?",
        "next": 120,
        "npcId": -1
    },
    {
        "id": 120,
        "type": "NPC_STATEMENT",
        "anim": "PLAIN_TALKING",
        "lines": 2,
        "line1": "I guess you could kill them all?",
        "line2": "I can take you there if you so wish.",
        "next": 121,
        "npcId": 457
    },
    {
        "id": 121,
        "type": "OPTION",
        "lines": 2,
		"line1": "Sure! Teleport Me To Ghost Town!",
		"line2": "No thanks. Ghosts aren't my thing.",
		"next": -1
    },
    {
        "id": 122,
        "type": "NPC_STATEMENT",
        "anim": "PLAIN_TALKING",
        "lines": 3,
        "line1": "I can see that you've become a veteran!",
        "line2": "Would you like the Veteran rank?",
		"line3": "Warning! It will reset your current rank.",
        "next": 123,
        "npcId": 605
    },
    {
        "id": 123,
        "type": "OPTION",
        "lines": 2,
		"line1": "Yes, sure!",
		"line2": "No thanks.",
		"next": -1
    },
    {
        "id": 124,
        "type": "NPC_STATEMENT",
        "anim": "PLAIN_TALKING",
        "lines": 4,
        "line1": "Once you've reached 99s in every skill,",
        "line2": "you can reset them to gain a prestige.",
		"line3": "You will get drop rate boost, prestige points",
		"line4": "and unlock zones that will help you skill.",
        "next": 125,
        "npcId": 2579
    },
    {
        "id": 125,
        "type": "NPC_STATEMENT",
        "anim": "PLAIN_TALKING",
        "lines": 2,
        "line1": "You will also receive an icon before your name",
        "line2": "for every prestige that you achieve.",
        "next": 126,
        "npcId": 2579
    },
    {
        "id": 127,
        "type": "OPTION",
        "lines": 3,
        "line1": "Vet'ion",
        "line2": "Callisto",
        
        "line3": "Return",
        "next": -1,
        "npcId": -1
    },
     {
        "id": 177,
        "type": "NPC_STATEMENT",
        "anim": "CALM",
        "lines": 2,
        "line1": "The Lumbridge Cows Event is now live!",
        "line2": "Type ::cows to enter! Enjoy",    
        "next": -1,
        "npcId": 5210
    },
    {
        "id": 155,
        "type": "NPC_STATEMENT",
        "anim": "NORMAL",
        "lines": 2,
        "line1": "Gamble your items or coins with me!",
        "line2": "Use your items or coins on me to gamble them",
        "next": -1,
        "npcId": 367
    },
     {
        "id": 157,
        "type": "NPC_STATEMENT",
        "anim": "NORMAL",
        "lines": 2,
        "line1": "Mine those shooting stars and get some star dust!",
        "line2": "Spend your start dust on my shop/sell it to the general store!",
        "next": -1,
        "npcId": 4902
    },
     {
        "id": 159,
        "type": "NPC_STATEMENT",
        "anim": "NORMAL",
        "lines": 2,
        "line1": "Hello there, I will combine all of your potions together!",
        "line2": "@blu@Free @bla@for donators and @red@250,000 @bla@for regular players.",
        "next": 160,
        "npcId": 543
    },
     {
        "id": 160,
        "type": "OPTION",
        "lines": 2,
        "line1": "Yes, combine my potions to (4) doses",
        "line2": "Never mind, I'm good",
        "next": -1
      
    },
    {
        "id": 200,
        "type": "OPTION",
        "lines": 2,
        "line1": "Multi Area",
        "line2": "Instanced Area",
        "next": -1
      
    },
    
    {
        "id": 207,
        "type": "OPTION",
        "lines": 2,
        "line1": "Edgeville",
        "line2": "Varrock",
        "next": -1
      
    },
     {
        "id": 287,
        "type": "OPTION",
        "lines": 5,
        "line1": "Dharok",
        "line2": "Zerker",
        "line3": "Pure",
        "line4": "free 2 play",
        "line5": "Next Page",
        "next": -1
      
    },
     {
        "id": 301,
        "type": "OPTION",
        "lines": 2,
        "line1": "Teleport me to zulrah",
        "line2": "Never mind",
        
        "next": -1
      
    },
     {
        "id": 302,
        "type": "OPTION",
        "lines": 2,
        "line1": "Start the Inferno",
        "line2": "Never mind",
        "next": -1
      
    },
    {
        "id": 288,
        "type": "OPTION",
        "lines": 4,
        "line1": "Dds No Food",
        "line2": "Ranging",
        "line3": "coming soon",
        "line4": "coming soon",
        "next": -1
      
    },
       {
        "id": 291,
        "type": "OPTION",
        "lines": 2,
        "line1": "Buy a yell (5m)",
        "line2": "Never mind",
     
        "next": -1
      
    },
      {
        "id": 391,
        "type": "OPTION",
        "lines": 2,
        "line1": "Claim Scroll",
        "line2": "Never mind",
     
        "next": -1
      
    },
    {
        "id": 395,
        "type": "OPTION",
        "lines": 5,
        "line1": "Buy 1x (100m Note)",
        "line2": "Buy 3x (100m Notes)",
        "line3": "Buy 5x (100m Notes)",
        "line4": "Buy 1x (1000m Notes)",
        "line5": "Buy 1x (Superior Scroll)",
     
        "next": -1
      
    },
    {
        "id": 497,
        "type": "OPTION",
        "lines": 2,
        "line1": "Buy Pk Titles",
        "line2": "Buy Pk Achievements",
     
     
        "next": -1
      
    },
     {
        "id": 498,
        "type": "OPTION",
        "lines": 5,
        "line1": "Killer (10m)",
        "line2": "Slaughterer (100m)",
        "line3": "Immortal (200m)",
        "line4": "Genocidal (300m)",
        "line5": "Cancel)",
     
        "next": -1
      
    },
      {
        "id": 499,
        "type": "OPTION",
        "lines": 5,
        "line1": "Fight Another Player (10m)",
        "line2": "Defeat 10 players (50m)",
        "line3": "Reach killstreak of 3 (50m)",
        "line4": "Reach killstreak of 6 (100m)",
        "line5": "Defeat 30 players (150m)",
     
        "next": -1
      
    },
    {
        "id": 500,
        "type": "OPTION",
        "lines": 5,
        "line1": "Pastel",
        "line2": "Red",
        "line3": "Blue",
        "line4": "Yellow",
        "line5": "Next",
        "next": -1,
        "npcId": -1
    },
    {
        "id": 501,
        "type": "OPTION",
        "lines": 5,
        "line1": "Purple",
        "line2": "Orange",
        "line3": "Rainbow",
        "line4": "Next",
        "line5": "Previous",
        "next": -1,
        "npcId": -1
    },
    {
        "id": 502,
        "type": "OPTION",
        "lines": 3,
        "line1": "White",
        "line2": "Black",
        "line3": "Previous",
        "next": -1,
        "npcId": -1
    },
    {
        "id": 503,
        "type": "NPC_STATEMENT",
        "anim": "NORMAL",
        "lines": 2,
        "line1": "I can note any items obtained from the resource",
        "line2": "area for 50 coins an item.",
        "next": 504,
        "npcId": 15013
    },
    {
        "id": 504,
        "type": "OPTION",
        "lines": 2,
		"line1": "Note items.",
		"line2": "Nevermind.",
        "next": -1,
        "npcId": -1
    },            
    {
        "id": 126,
        "type": "OPTION",
        "lines": 2,
		"line1": "I'd like to prestige.",
		"line2": "No thanks.",
		"next": -1
    },
	{
        "id": 130,
        "type": "NPC_STATEMENT",
        "anim": "NORMAL",
        "lines": 3,
        "line1": "HO HO HO Merry Christmas Solace!",
        "line2": "Can you help me find my keys? I will reward you for it!",
        "line3": "I have also left some gifts for you in the christmas tree!",
        "next": -1,
        "npcId": 1552
    },
    {
        "id": 131,
        "type": "STATEMENT",
        "lines": 1,
        "line1": "Are you sure about this?",
        "next": 132,
        "npcId": -1
    },
    {
        "id": 132,
        "type": "OPTION",
        "lines": 3,
        "line1": "Continue",
        "line2": "Continue (instanced)",
        "line3": "Cancel",
        "next": -1,
        "npcId": -1
    },
	{
        "id": 350,
        "type": "NPC_STATEMENT",
        "anim": "NORMAL",
        "lines": 4,
        "line1": "Hello Simplicitan. I am in trouble and need your help.",
        "line2": "All you have to do is go around the map and search",
        "line3": "for eggs, once you collect 6 different eggs return to me",
        "line4": "so you can claim your reward!",
        "next": -1,
        "npcId": 7407
    },
	{
        "id": 351,
        "type": "NPC_STATEMENT",
        "anim": "NORMAL",
        "lines": 2,
        "line1": "Hello Again! Thank you for helping me.",
        "line2": "I have a nice reward for you...",
        "next": 302,
        "npcId": 7407
    },
	{
        "id": 352,
        "type": "NPC_STATEMENT",
        "anim": "NORMAL",
        "lines": 1,
        "line1": "You are a good collector! Till we meet again!",
        "next": -1,
        "npcId": 7407
    },
    {
        "id": 360,
        "type": "OPTION",
        "lines": 2,
        "line1": "Yes",
        "line2": "No",
        "next": -1,
        "npcId": 23390
    },
    {
        "id": 366,
        "type": "OPTION",
        "lines": 3,
        "line1": "Krystilia (Wilderness Tasks - 50 required)",
        "line2": "Sumona (Level 92 Slayer Required)",
        "line3": "Cancel",
        "next": -1,
        "npcId": -1
    },
	    {
        "id": 367,
        "type": "NPC_STATEMENT",
        "anim": "CALM",
        "lines": 2,
        "line1": "Goodjob you closed all the portals in time",
        "line2": "Here's a reward for your effort.",
        "next": -1,
        "npcId": 3782
    },
    {
    "id": 368,
    "type": "OPTION",
    "lines": 4,
    "line1": "Custom Home",
    "line2": "Lumbridge",
    "line3": "Edgeville",
    "line4": "Varrock",
    "next": -1,
    "npcId": 5555
    }
]